{"cameraMode":{"drawMode":0,"name":"Shaded","section":"Shading Mode"},"sceneLighting":true,"audioPlay":false,"sceneViewState":{"m_AlwaysRefresh":false,"showFog":true,"showSkybox":true,"showFlares":true,"showImageEffects":true,"showParticleSystems":true,"showVisualEffectGraphs":true,"m_FxEnabled":true},"in2DMode":false,"pivot":{"x":-26.50480079650879,"y":2.099426507949829,"z":0.953109085559845},"rotation":{"x":0.0008593882666900754,"y":0.6940395832061768,"z":0.000823415641207248,"w":-0.7199211716651917},"size":15.21231460571289,"orthographic":false}