{"cameraMode":{"drawMode":0,"name":"Shaded","section":"Shading Mode"},"sceneLighting":true,"audioPlay":false,"sceneViewState":{"m_AlwaysRefresh":false,"showFog":true,"showSkybox":true,"showFlares":true,"showImageEffects":true,"showParticleSystems":true,"showVisualEffectGraphs":true,"m_FxEnabled":true},"in2DMode":false,"pivot":{"x":1.2685502767562867,"y":0.11690706014633179,"z":-7.426138401031494},"rotation":{"x":-0.2336135357618332,"y":0.009329753927886486,"z":-0.002242953982204199,"w":-0.972255527973175},"size":9.337257385253907,"orthographic":false}